id,utente_id,catalogo_id,data_prestito,data_scadenza,data_restituzione,rinnovi
1,50,82,2025-01-02,2025-02-01,2025-01-12,0
2,16,150,2025-01-02,2025-01-16,2025-01-15,1
3,4,431,2025-01-03,2025-02-02,2025-01-26,0
4,59,515,2025-01-03,2025-03-04,2025-02-07,1
5,77,136,2025-01-04,2025-03-05,2025-02-28,1
6,52,431,2025-01-04,2025-04-04,2025-03-26,2
7,42,372,2025-01-07,2025-02-06,2025-01-14,0
8,70,327,2025-01-08,2025-02-07,2025-01-19,0
9,16,350,2025-01-09,2025-02-08,2025-01-24,0
10,52,484,2025-01-09,2025-02-08,2025-01-22,0
11,20,317,2025-01-11,2025-02-10,2025-01-19,0
12,44,444,2025-01-14,2025-04-14,2025-03-20,2
13,64,502,2025-01-16,2025-03-17,2025-02-27,1
14,31,5,2025-01-18,2025-01-25,2025-01-21,0
15,78,382,2025-01-18,2025-02-17,2025-02-05,0
16,52,93,2025-01-21,2025-02-20,2025-02-17,0
17,51,442,2025-01-21,2025-02-20,2025-02-17,0
18,31,472,2025-01-21,2025-02-20,2025-02-14,0
19,49,101,2025-01-23,2025-01-30,2025-01-26,0
20,52,135,2025-01-24,2025-02-23,2025-02-06,0
21,4,327,2025-01-25,2025-03-26,2025-03-05,1
22,72,10,2025-01-27,2025-02-26,2025-02-05,0
23,41,19,2025-01-27,2025-04-27,2025-04-19,2
24,49,323,2025-01-28,2025-02-11,2025-02-05,1
25,34,422,2025-01-28,2025-03-29,2025-03-25,1
26,41,148,2025-01-30,2025-03-01,2025-02-13,0
27,72,284,2025-01-31,2025-03-02,2025-02-26,0
28,78,297,2025-01-31,2025-03-02,2025-02-07,0
29,44,261,2025-02-01,2025-04-02,2025-03-30,1
30,50,209,2025-02-03,2025-03-05,2025-02-28,0
31,20,20,2025-02-04,2025-03-06,2025-03-05,0
32,51,414,2025-02-05,2025-03-07,2025-03-03,0
33,75,154,2025-02-06,2025-02-20,2025-02-16,1
34,73,432,2025-02-06,2025-05-07,2025-04-30,2
35,55,19,2025-02-07,2025-03-09,2025-02-23,0
36,72,380,2025-02-07,2025-03-09,2025-03-08,0
37,32,402,2025-02-07,2025-03-09,2025-02-20,0
38,44,436,2025-02-07,2025-03-09,2025-02-26,0
39,62,19,2025-02-10,2025-03-12,2025-02-21,0
40,23,120,2025-02-11,2025-03-13,2025-02-27,0
41,44,502,2025-02-11,2025-03-13,2025-03-12,0
42,44,369,2025-02-12,2025-03-14,2025-03-10,0
43,14,463,2025-02-12,2025-03-14,2025-02-26,0
44,80,468,2025-02-13,2025-03-15,2025-03-15,0
45,66,123,2025-02-15,2025-03-17,2025-02-24,0
46,74,393,2025-02-15,2025-02-22,2025-04-06,0
47,27,199,2025-02-20,2025-03-22,2025-03-21,0
48,5,243,2025-02-20,2025-04-21,2025-03-27,1
49,80,290,2025-02-21,2025-04-22,2025-03-27,1
50,62,318,2025-02-22,2025-03-24,2025-03-30,0
51,1,289,2025-02-24,2025-03-26,2025-03-22,0
52,28,349,2025-02-25,2025-04-26,2025-03-28,1
53,68,51,2025-02-26,2025-03-28,2025-04-14,0
54,29,56,2025-02-26,2025-03-28,2025-03-25,0
55,51,150,2025-02-27,2025-03-13,2025-03-10,1
56,78,406,2025-02-27,2025-05-28,2025-04-30,2
57,69,489,2025-02-28,2025-03-30,2025-03-21,0
58,59,502,2025-03-01,2025-03-31,2025-03-25,0
59,32,519,2025-03-01,2025-04-30,2025-04-08,1
60,49,332,2025-03-03,2025-05-02,2025-04-13,1
61,71,453,2025-03-04,2025-04-03,2025-03-16,0
62,62,122,2025-03-07,2025-04-06,2025-03-19,0
63,14,189,2025-03-07,2025-03-21,2025-03-27,1
64,31,19,2025-03-08,2025-04-07,2025-03-30,0
65,44,413,2025-03-08,2025-04-07,2025-04-02,0
66,31,249,2025-03-12,2025-04-11,2025-04-01,0
67,4,478,2025-03-13,2025-05-12,2025-05-08,1
68,18,33,2025-03-14,2025-04-13,2025-03-26,0
69,5,106,2025-03-14,2025-05-13,2025-04-28,1
70,50,294,2025-03-17,2025-04-16,2025-04-22,0
71,32,345,2025-03-18,2025-05-17,2025-05-04,1
72,41,197,2025-03-19,2025-04-18,2025-04-07,0
73,32,334,2025-03-21,2025-04-20,2025-04-12,0
74,28,228,2025-03-22,2025-04-05,2025-04-03,1
75,62,385,2025-03-22,2025-04-21,2025-04-15,0
76,16,309,2025-03-24,2025-05-23,2025-05-14,1
77,8,139,2025-03-26,2025-04-25,2025-05-11,0
78,78,361,2025-03-26,2025-04-25,2025-04-16,0
79,72,323,2025-03-27,2025-04-10,2025-04-05,1
80,4,33,2025-03-31,2025-04-30,2025-04-13,0
81,4,199,2025-03-31,2025-04-30,2025-05-15,0
82,11,204,2025-04-01,2025-05-01,2025-04-21,0
83,15,407,2025-04-01,2025-05-31,2025-05-07,1
84,31,445,2025-04-01,2025-06-30,2025-06-14,2
85,6,179,2025-04-02,2025-05-02,2025-04-25,0
86,64,13,2025-04-03,2025-06-02,2025-06-02,1
87,51,159,2025-04-03,2025-05-03,2025-04-18,0
88,6,258,2025-04-04,2025-06-03,2025-05-19,1
89,72,106,2025-04-07,2025-05-07,2025-05-08,0
90,77,311,2025-04-07,2025-05-07,2025-05-08,0
91,23,147,2025-04-08,2025-06-07,2025-05-28,1
92,73,322,2025-04-08,2025-05-08,2025-05-05,0
93,80,298,2025-04-09,2025-07-08,2025-06-11,2
94,55,300,2025-04-11,2025-07-10,2025-06-11,2
95,16,19,2025-04-12,2025-05-12,2025-05-08,0
96,66,310,2025-04-12,2025-05-12,2025-04-30,0
97,79,503,2025-04-12,2025-04-19,2025-04-16,0
98,22,132,2025-04-14,2025-05-14,2025-05-16,0
99,50,148,2025-04-15,2025-05-15,2025-04-29,0
100,18,121,2025-04-16,2025-06-15,2025-06-15,1
101,39,200,2025-04-16,2025-05-16,2025-04-25,0
102,72,448,2025-04-16,2025-05-16,2025-04-22,0
103,51,256,2025-04-17,2025-06-16,2025-05-27,1
104,15,470,2025-04-17,2025-04-24,2025-04-20,0
105,62,331,2025-04-18,2025-05-18,2025-06-03,0
106,18,409,2025-04-18,2025-04-25,2025-04-23,0
107,48,418,2025-04-18,2025-05-18,2025-05-12,0
108,51,253,2025-04-19,2025-06-18,2025-06-24,1
109,14,284,2025-04-22,2025-06-21,2025-06-14,1
110,72,19,2025-04-23,2025-06-22,2025-06-08,1
111,44,330,2025-04-23,2025-04-30,2025-04-29,0
112,6,425,2025-04-23,2025-05-23,2025-05-11,0
113,15,313,2025-04-24,2025-05-01,2025-05-01,0
114,3,293,2025-04-26,2025-06-25,2025-06-14,1
115,9,466,2025-04-28,2025-05-28,2025-05-06,0
116,72,308,2025-04-30,2025-06-29,2025-06-15,1
117,59,451,2025-05-02,2025-07-31,2025-07-15,2
118,77,148,2025-05-03,2025-06-02,2025-05-22,0
119,2,175,2025-05-03,2025-06-02,2025-05-26,0
120,50,263,2025-05-03,2025-06-02,2025-05-10,0
121,31,255,2025-05-06,2025-06-05,2025-05-24,0
122,15,418,2025-05-06,2025-08-04,2025-07-30,2
123,80,172,2025-05-07,2025-06-06,2025-05-13,0
124,32,31,2025-05-08,2025-06-07,2025-05-30,0
125,60,93,2025-05-08,2025-07-07,2025-06-23,1
126,20,317,2025-05-08,2025-06-07,2025-06-27,0
127,38,504,2025-05-09,2025-06-08,2025-05-22,0
128,20,53,2025-05-10,2025-05-17,2025-05-16,0
129,32,384,2025-05-10,2025-06-09,2025-05-17,0
130,26,71,2025-05-12,2025-07-11,2025-07-09,1
131,44,245,2025-05-12,2025-07-11,2025-07-10,1
132,20,292,2025-05-12,2025-07-11,2025-06-14,1
133,70,439,2025-05-13,2025-05-20,2025-05-15,0
134,15,93,2025-05-14,2025-06-13,2025-05-23,0
135,40,175,2025-05-16,2025-06-15,2025-06-01,0
136,51,460,2025-05-16,2025-05-23,2025-05-21,0
137,34,492,2025-05-16,2025-07-15,2025-07-15,1
138,45,388,2025-05-17,2025-06-16,2025-05-29,0
139,1,436,2025-05-17,2025-06-16,2025-06-04,0
140,67,396,2025-05-21,2025-07-20,2025-07-17,1
141,35,197,2025-05-22,2025-06-21,2025-05-31,0
142,27,212,2025-05-22,2025-06-21,2025-06-04,0
143,72,492,2025-05-26,2025-07-25,2025-07-02,1
144,68,233,2025-05-28,2025-07-27,2025-07-02,1
145,72,516,2025-05-28,2025-06-27,2025-06-04,0
146,24,38,2025-05-29,2025-06-28,2025-06-21,0
147,53,87,2025-05-29,2025-08-27,2025-08-27,2
148,67,133,2025-05-29,2025-08-27,2025-08-14,2
149,44,236,2025-05-29,2025-07-28,2025-07-04,1
150,32,323,2025-05-29,2025-06-05,2025-06-02,0
151,66,51,2025-05-30,2025-08-28,2025-08-28,2
152,14,416,2025-05-30,2025-06-29,2025-06-13,0
153,80,372,2025-05-31,2025-06-30,2025-06-13,0
154,42,19,2025-06-03,2025-07-03,2025-06-09,0
155,59,66,2025-06-03,2025-07-03,2025-06-13,0
156,49,496,2025-06-03,2025-07-03,2025-06-18,0
157,16,21,2025-06-04,2025-07-04,2025-07-13,0
158,49,263,2025-06-04,2025-07-04,2025-06-18,0
159,53,1,2025-06-05,2025-09-03,2025-08-13,2
160,31,249,2025-06-05,2025-08-04,2025-07-20,1
161,22,374,2025-06-05,2025-08-04,2025-07-26,1
162,50,497,2025-06-05,2025-07-05,2025-07-04,0
163,54,4,2025-06-06,2025-08-05,2025-08-03,1
164,78,319,2025-06-07,2025-07-07,2025-07-04,0
165,72,178,2025-06-09,2025-08-08,2025-07-26,1
166,34,302,2025-06-11,2025-07-11,2025-06-28,0
167,37,265,2025-06-12,2025-08-11,2025-07-14,1
168,52,49,2025-06-14,2025-08-13,2025-08-13,1
169,29,115,2025-06-14,2025-07-14,2025-06-22,0
170,32,298,2025-06-14,2025-08-13,2025-07-28,1
171,38,449,2025-06-16,2025-07-16,2025-07-16,0
172,51,188,2025-06-18,2025-09-16,2025-09-16,2
173,11,357,2025-06-19,2025-07-19,2025-06-29,0
174,50,181,2025-06-20,2025-07-20,2025-07-01,0
175,67,290,2025-06-20,2025-07-20,2025-07-09,0
176,32,135,2025-06-21,2025-08-20,2025-07-24,1
177,67,135,2025-06-23,2025-08-22,2025-08-09,1
178,40,132,2025-06-26,2025-07-26,2025-08-05,0
179,6,402,2025-06-26,2025-07-26,2025-07-19,0
180,3,124,2025-06-27,2025-07-27,2025-07-18,0
181,15,317,2025-06-30,2025-08-29,2025-08-01,1
182,15,389,2025-06-30,2025-07-30,2025-07-18,0
183,72,319,2025-07-03,2025-08-02,2025-07-14,0
184,37,335,2025-07-03,2025-08-02,2025-07-27,0
185,72,422,2025-07-03,2025-08-02,2025-07-13,0
186,50,244,2025-07-04,2025-09-02,2025-08-13,1
187,1,285,2025-07-05,2025-10-03,2025-10-05,2
188,49,468,2025-07-05,2025-08-04,2025-07-26,0
189,54,131,2025-07-08,2025-10-06,2025-09-23,2
190,35,352,2025-07-09,2025-08-08,2025-07-30,0
191,41,93,2025-07-10,2025-10-08,2025-10-07,2
192,62,388,2025-07-10,2025-08-09,2025-08-09,0
193,24,296,2025-07-12,2025-08-11,2025-07-19,0
194,23,48,2025-07-15,2025-08-14,2025-08-06,0
195,72,93,2025-07-15,2025-08-14,2025-07-28,0
196,67,171,2025-07-16,2025-08-15,2025-08-04,0
197,15,310,2025-07-16,2025-10-14,2025-10-15,2
198,14,138,2025-07-17,2025-08-16,2025-07-30,0
199,64,276,2025-07-17,2025-08-16,2025-08-02,0
200,50,345,2025-07-17,2025-08-16,2025-08-13,0
201,62,470,2025-07-17,2025-07-24,2025-07-21,0
202,72,153,2025-07-18,2025-08-17,2025-08-09,0
203,51,51,2025-07-19,2025-09-17,2025-09-17,1
204,60,207,2025-07-19,2025-09-17,2025-08-27,1
205,69,291,2025-07-19,2025-09-17,2025-09-15,1
206,44,319,2025-07-19,2025-08-18,2025-07-26,0
207,11,387,2025-07-19,2025-09-17,2025-09-15,1
208,66,475,2025-07-19,2025-08-18,2025-08-03,0
209,6,86,2025-07-21,2025-08-20,2025-08-09,0
210,32,360,2025-07-21,2025-08-20,2025-08-07,0
211,60,372,2025-07-21,2025-08-20,2025-07-31,0
212,15,460,2025-07-21,2025-07-28,2025-07-23,0
213,47,19,2025-07-22,2025-08-21,2025-07-31,0
214,44,137,2025-07-23,2025-08-06,2025-08-03,1
215,44,330,2025-07-23,2025-08-06,2025-08-06,1
216,56,72,2025-07-24,2025-07-31,2025-07-28,0
217,6,120,2025-07-24,2025-08-23,2025-08-05,0
218,72,251,2025-07-24,2025-08-23,2025-08-11,0
219,21,422,2025-07-25,2025-10-23,2025-10-15,2
220,16,2,2025-07-29,2025-09-27,2025-08-31,1
221,50,201,2025-07-29,2025-08-28,2025-08-10,0
222,50,402,2025-07-31,2025-08-30,2025-10-20,0
223,64,380,2025-08-05,2025-10-04,2025-09-22,1
224,60,117,2025-08-07,2025-09-06,2025-09-02,0
225,34,243,2025-08-08,2025-10-07,2025-09-08,1
226,13,496,2025-08-11,2025-11-09,2025-10-27,2
227,55,71,2025-08-12,2025-11-10,2025-10-27,2
228,45,303,2025-08-12,2025-09-09,2025-08-29,1
229,69,15,2025-08-13,2025-11-11,2025-11-09,2
230,18,226,2025-08-13,2025-09-12,2025-09-05,0
231,45,300,2025-08-14,2025-09-13,2025-09-10,0
232,62,331,2025-08-14,2025-09-13,2025-08-31,0
233,29,456,2025-08-19,2025-10-18,2025-10-18,1
234,53,443,2025-08-20,2025-09-17,2025-09-22,1
235,74,40,2025-08-21,2025-08-28,2025-08-28,0
236,59,88,2025-08-21,2025-08-28,2025-09-02,0
237,44,1,2025-08-22,2025-10-21,2025-09-28,1
238,50,119,2025-08-22,2025-09-21,2025-09-04,0
239,14,496,2025-08-25,2025-09-24,2025-09-08,0
240,31,146,2025-08-26,2025-09-25,2025-09-19,0
241,6,306,2025-08-26,2025-09-02,2025-08-31,0
242,36,51,2025-08-28,2025-09-27,2025-09-15,0
243,5,19,2025-08-29,2025-10-28,2025-10-11,1
244,60,521,2025-09-01,2025-10-01,2025-10-14,0
245,66,320,2025-09-02,2025-10-02,2025-09-12,0
246,9,388,2025-09-02,2025-11-01,2025-10-13,1
247,68,227,2025-09-05,2025-09-12,2025-09-08,0
248,62,319,2025-09-05,2025-10-05,2025-09-22,0
249,63,500,2025-09-05,2025-11-04,2025-10-11,1
250,9,19,2025-09-06,2025-10-06,2025-09-26,0
251,7,280,2025-09-06,2025-10-06,2025-09-26,0
252,54,489,2025-09-08,2025-12-07,2025-12-20,2
253,16,51,2025-09-09,2025-10-09,2025-10-07,0
254,72,167,2025-09-09,2025-10-09,2025-10-27,0
255,35,354,2025-09-09,2025-09-16,2025-09-13,0
256,45,417,2025-09-09,2025-12-08,2025-11-24,2
257,10,435,2025-09-10,2025-11-09,2025-10-22,1
258,42,137,2025-09-12,2025-09-19,2025-09-16,0
259,41,170,2025-09-12,2025-10-12,2025-10-11,0
260,18,228,2025-09-12,2025-09-19,2025-09-16,0
261,4,375,2025-09-12,2025-10-12,2025-10-04,0
262,15,420,2025-09-12,2025-12-11,2025-11-25,2
263,67,347,2025-09-13,2025-10-13,2025-09-20,0
264,54,53,2025-09-16,2025-09-30,2025-09-27,1
265,72,244,2025-09-16,2025-10-16,2025-10-04,0
266,31,472,2025-09-16,2025-10-16,2025-10-09,0
267,42,72,2025-09-17,2025-09-24,2025-09-23,0
268,4,142,2025-09-19,2025-10-19,2025-09-30,0
269,18,219,2025-09-19,2025-10-19,2025-10-02,0
270,77,73,2025-09-23,2025-11-22,2025-11-02,1
271,72,462,2025-09-23,2025-10-23,2025-10-12,0
272,41,49,2025-09-26,2025-12-25,2025-12-22,2
273,62,159,2025-09-26,2025-11-25,2025-11-24,1
274,62,220,2025-09-26,2025-10-26,2025-10-16,0
275,64,235,2025-09-26,2025-10-26,2025-10-03,0
276,48,19,2025-09-27,2025-11-26,2025-11-02,1
277,49,93,2025-09-27,2025-10-27,2025-10-20,0
278,34,5,2025-09-29,2025-10-06,2025-10-02,0
279,41,97,2025-10-01,2025-12-30,2026-01-15,2
280,44,163,2025-10-01,2025-10-08,2025-10-11,0
281,70,485,2025-10-03,2025-11-02,2025-10-26,0
282,20,138,2025-10-04,2025-11-03,2025-10-18,0
283,51,123,2025-10-06,2026-01-04,2025-12-15,2
284,72,360,2025-10-06,2025-12-05,2025-12-01,1
285,2,378,2025-10-06,2026-01-04,2025-12-08,2
286,28,139,2025-10-07,2026-01-05,2025-12-12,2
287,51,219,2025-10-07,2025-11-06,2025-10-16,0
288,4,361,2025-10-08,2025-12-07,2025-11-12,1
289,16,132,2025-10-09,2025-11-08,2025-11-04,0
290,62,93,2025-10-10,2025-11-09,2025-10-21,0
291,27,377,2025-10-10,2025-11-09,2025-10-30,0
292,74,515,2025-10-13,2025-12-12,2025-12-06,1
293,21,103,2025-10-14,2025-11-13,2025-11-02,0
294,28,204,2025-10-14,2025-11-13,2025-10-20,0
295,32,226,2025-10-15,2025-11-14,2025-11-14,0
296,28,19,2025-10-16,2025-11-15,2025-10-26,0
297,51,193,2025-10-17,2025-12-16,2025-12-04,1
298,44,19,2025-10-18,2025-11-17,2025-11-16,0
299,51,63,2025-10-18,2025-11-01,2025-10-24,0
300,65,388,2025-10-18,2025-12-17,2025-12-05,1
301,28,439,2025-10-18,2025-10-25,2025-10-23,0
302,23,111,2025-10-21,2025-12-20,2025-12-02,1
303,42,346,2025-10-21,2026-01-19,2025-12-22,2
304,52,108,2025-10-22,2025-12-21,2025-12-19,1
305,37,42,2025-10-23,2025-11-22,2025-11-17,0
306,76,270,2025-10-23,2025-10-30,2025-10-28,0
307,66,288,2025-10-23,2025-11-22,2025-11-21,0
308,62,427,2025-10-23,2025-12-22,2026-01-03,1
309,64,375,2025-10-27,2025-12-26,2025-12-06,1
310,45,148,2025-10-28,2025-11-27,2025-11-11,0
311,73,506,2025-10-28,2025-12-27,2025-12-15,1
312,14,248,2025-10-29,2025-11-28,2025-11-24,0
313,65,56,2025-10-31,2025-12-30,2025-12-27,1
314,30,203,2025-10-31,2025-11-07,2025-11-02,0
315,44,309,2025-10-31,2025-11-30,2025-11-17,0
316,26,16,2025-11-05,2025-12-05,2025-11-25,0
317,15,96,2025-11-07,2025-12-07,2025-11-18,0
318,21,184,2025-11-07,2025-12-07,2025-11-28,0
319,71,257,2025-11-07,2025-12-07,2025-11-13,0
320,51,1,2025-11-08,2025-12-08,2025-11-29,0
321,49,323,2025-11-08,2025-11-22,2025-11-16,1
322,30,51,2025-11-10,2025-12-10,2025-12-14,0
323,78,254,2025-11-10,2026-02-08,2026-01-18,2
324,69,19,2025-11-11,2026-01-10,2026-01-03,1
325,6,109,2025-11-11,2026-02-09,2026-02-04,2
326,54,354,2025-11-13,2025-11-27,2025-11-23,1
327,54,402,2025-11-13,2025-12-13,2025-12-04,0
328,31,249,2025-11-14,2025-12-14,2025-12-05,0
329,64,336,2025-11-15,2025-12-15,2025-12-26,0
330,16,47,2025-11-17,2025-12-17,2025-12-12,0
331,7,51,2025-11-20,2025-12-20,2025-12-05,0
332,62,308,2025-11-20,2026-02-18,2026-01-26,2
333,17,395,2025-11-21,2025-12-21,2025-12-21,0
334,74,437,2025-11-21,2025-12-21,2025-12-24,0
335,46,412,2025-11-25,2026-02-23,2026-02-19,2
336,52,93,2025-11-27,2025-12-27,2025-12-20,0
337,7,268,2025-11-27,2025-12-27,2025-12-16,0
338,67,386,2025-11-28,2025-12-28,2026-01-07,0
339,51,443,2025-11-28,2025-12-26,2025-12-13,1
340,45,409,2025-11-29,2025-12-06,2025-12-03,0
341,67,53,2025-12-01,2025-12-08,2025-12-21,0
342,28,58,2025-12-01,2026-01-30,2026-01-26,1
343,65,119,2025-12-01,2025-12-31,2025-12-24,0
344,16,330,2025-12-01,2025-12-15,2025-12-10,1
345,65,457,2025-12-01,2026-01-30,2026-01-20,1
346,31,255,2025-12-02,2026-01-01,2025-12-20,0
347,16,189,2025-12-03,2025-12-17,2025-12-17,1
348,15,497,2025-12-03,2026-01-02,2026-01-01,0
349,68,150,2025-12-06,2025-12-13,2025-12-08,0
350,36,388,2025-12-06,2026-02-04,2026-01-14,1
351,64,478,2025-12-06,2026-01-05,2026-01-03,0
352,60,198,2025-12-10,2026-03-10,2026-02-09,2
353,41,4,2025-12-12,2026-01-11,2025-12-25,0
354,27,248,2025-12-12,2026-01-11,2025-12-26,0
355,62,418,2025-12-12,2026-01-11,2026-01-10,0
356,55,222,2025-12-13,2026-03-13,2026-03-03,2
357,10,242,2025-12-13,2026-01-12,2026-01-09,0
358,62,160,2025-12-15,2026-03-15,2026-03-09,2
359,76,30,2025-12-16,2026-01-15,2026-01-13,0
360,14,171,2025-12-17,2026-02-15,2026-02-07,1
361,76,365,2025-12-17,2026-01-16,2025-12-24,0
362,2,134,2025-12-18,2026-01-17,2026-01-17,0
363,73,308,2025-12-19,2026-01-18,2025-12-30,0
364,10,433,2025-12-19,2026-01-18,2025-12-27,0
365,72,357,2025-12-20,2026-02-18,2026-02-05,1
366,22,281,2025-12-22,2026-02-20,2026-01-27,1
367,66,345,2025-12-22,2026-01-21,2026-01-12,0
368,75,51,2025-12-23,2026-01-22,2026-01-05,0
369,5,172,2025-12-24,2026-02-22,2026-02-19,1
370,32,21,2025-12-27,2026-02-25,2026-02-14,1
371,5,47,2025-12-29,2026-03-29,2026-03-23,2
372,65,264,2025-12-29,2026-01-28,2026-01-20,0
373,29,325,2025-12-29,2026-01-28,2026-01-09,0
374,38,269,2025-12-30,2026-01-29,2026-01-18,0
375,44,31,2025-12-31,2026-01-30,2026-01-27,0
376,39,73,2025-12-31,2026-01-30,2026-01-07,0
377,16,147,2025-12-31,2026-01-30,2026-01-14,0
378,71,241,2025-12-31,2026-03-01,2026-03-12,1
379,59,265,2025-12-31,2026-03-01,2026-02-03,1
380,65,354,2025-12-31,2026-01-07,2026-01-07,0
381,30,402,2025-12-31,2026-01-30,2026-01-15,0
382,72,456,2025-12-31,2026-03-01,2026-02-23,1
383,27,331,2026-01-02,2026-02-01,2026-01-22,0
384,34,331,2026-01-02,2026-03-03,2026-02-13,1
385,51,88,2026-01-03,2026-01-10,2026-01-10,0
386,68,434,2026-01-03,2026-02-02,2026-01-22,0
387,60,280,2026-01-05,2026-02-04,2026-01-18,0
388,18,207,2026-01-07,2026-02-06,2026-01-29,0
389,75,114,2026-01-09,2026-03-10,2026-02-10,1
390,31,243,2026-01-10,2026-02-09,2026-01-20,0
391,36,341,2026-01-10,2026-04-10,2026-03-16,2
392,27,481,2026-01-10,2026-04-10,2026-03-26,2
393,16,298,2026-01-12,2026-04-12,2026-04-11,2
394,49,374,2026-01-12,2026-02-11,2026-01-28,0
395,65,520,2026-01-12,2026-02-11,2026-01-18,0
396,36,228,2026-01-13,2026-01-27,2026-01-22,1
397,24,268,2026-01-13,2026-04-13,2026-04-19,2
398,22,480,2026-01-13,2026-03-14,2026-03-14,1
399,6,118,2026-01-14,2026-03-15,2026-02-26,1
400,27,339,2026-01-14,2026-03-15,2026-03-31,1
401,4,126,2026-01-15,2026-02-14,2026-02-04,0
402,64,336,2026-01-15,2026-02-14,2026-02-04,0
403,65,475,2026-01-15,2026-04-15,2026-03-27,2
404,11,170,2026-01-16,2026-02-15,2026-01-29,0
405,55,81,2026-01-17,2026-03-18,2026-05-12,1
406,62,122,2026-01-17,2026-04-17,2026-03-24,2
407,28,190,2026-01-17,2026-04-17,2026-04-07,2
408,50,237,2026-01-17,2026-02-16,2026-02-16,0
409,23,201,2026-01-20,2026-02-19,2026-02-10,0
410,10,347,2026-01-20,2026-03-21,2026-03-05,1
411,62,520,2026-01-21,2026-02-20,2026-02-19,0
412,65,379,2026-01-22,2026-02-21,2026-01-31,0
413,65,448,2026-01-22,2026-04-22,2026-04-08,2
414,32,224,2026-01-23,2026-02-22,2026-02-03,0
415,51,63,2026-01-24,2026-02-21,2026-02-11,1
416,74,168,2026-01-26,2026-02-25,2026-02-13,0
417,65,363,2026-01-26,2026-02-25,2026-02-16,0
418,4,220,2026-01-27,2026-03-28,2026-03-10,1
419,3,427,2026-01-27,2026-03-28,2026-04-15,1
420,67,123,2026-01-28,2026-04-28,2026-04-06,2
421,40,382,2026-01-28,2026-02-27,2026-02-26,0
422,65,40,2026-01-31,2026-02-14,2026-03-23,1
423,64,285,2026-02-02,2026-04-03,2026-03-23,1
424,16,292,2026-02-02,2026-03-04,2026-03-01,0
425,55,4,2026-02-03,2026-05-04,2026-04-17,2
426,45,287,2026-02-04,2026-03-06,2026-02-12,0
427,50,470,2026-02-04,2026-02-18,2026-02-13,1
428,16,68,2026-02-05,2026-03-07,2026-03-03,0
429,48,320,2026-02-05,2026-04-06,2026-03-28,1
430,74,372,2026-02-06,2026-03-08,2026-02-22,0
431,41,147,2026-02-10,2026-03-12,2026-02-23,0
432,50,42,2026-02-11,2026-04-12,2026-03-27,1
433,65,320,2026-02-11,2026-03-13,2026-03-09,0
434,16,169,2026-02-12,2026-04-13,2026-03-25,1
435,32,6,2026-02-13,2026-04-14,2026-03-19,1
436,37,359,2026-02-13,2026-02-20,2026-02-25,0
437,51,366,2026-02-13,2026-03-15,2026-03-13,0
438,73,248,2026-02-14,2026-03-16,2026-02-22,0
439,73,121,2026-02-16,2026-03-18,2026-03-12,0
440,67,449,2026-02-16,2026-03-18,2026-03-03,0
441,72,149,2026-02-17,2026-03-19,2026-02-23,0
442,74,244,2026-02-17,2026-03-19,2026-03-10,0
443,50,473,2026-02-17,2026-04-18,2026-05-07,1
444,41,503,2026-02-17,2026-02-24,2026-02-20,0
445,34,520,2026-02-17,2026-03-19,2026-03-16,0
446,56,387,2026-02-18,2026-04-19,2026-03-28,1
447,42,492,2026-02-18,2026-03-20,2026-03-01,0
448,53,8,2026-02-19,2026-04-20,2026-04-03,1
449,7,143,2026-02-19,2026-04-20,2026-04-06,1
450,50,340,2026-02-20,2026-04-21,2026-04-20,1
451,66,423,2026-02-20,2026-03-22,2026-03-01,0
452,49,170,2026-02-21,2026-04-22,2026-03-26,1
453,13,418,2026-02-21,2026-04-22,2026-04-17,1
454,56,281,2026-02-23,2026-03-25,2026-03-31,0
455,16,354,2026-02-23,2026-03-02,2026-02-28,0
456,45,201,2026-02-24,2026-03-26,2026-03-02,0
457,31,249,2026-02-24,2026-03-26,2026-03-20,0
458,29,511,2026-02-24,2026-03-03,2026-02-27,0
459,79,188,2026-02-25,2026-04-26,2026-03-28,1
460,2,454,2026-02-25,2026-04-26,2026-05-07,1
461,62,21,2026-02-27,2026-03-29,2026-04-09,0
462,64,117,2026-02-27,2026-05-28,2026-05-04,2
463,3,350,2026-03-03,2026-04-02,2026-03-14,0
464,31,472,2026-03-03,2026-05-02,2026-04-20,1
465,67,174,2026-03-04,2026-05-03,2026-04-04,1
466,78,520,2026-03-04,2026-04-03,2026-03-27,0
467,51,320,2026-03-06,2026-04-05,2026-04-09,0
468,37,312,2026-03-07,2026-04-06,2026-03-20,0
469,15,186,2026-03-09,2026-04-08,2026-03-15,0
470,16,331,2026-03-09,2026-04-08,2026-04-08,0
471,46,520,2026-03-09,2026-04-08,2026-03-24,0
472,32,294,2026-03-10,2026-04-09,2026-04-02,0
473,62,352,2026-03-10,2026-04-09,2026-03-20,0
474,17,211,2026-03-11,2026-04-10,2026-03-27,0
475,42,226,2026-03-11,2026-05-10,2026-04-25,1
476,21,240,2026-03-11,2026-06-09,2026-05-17,2
477,32,53,2026-03-12,2026-03-26,2026-04-09,1
478,26,57,2026-03-12,2026-03-19,2026-03-15,0
479,31,62,2026-03-12,2026-04-11,2026-04-06,0
480,57,70,2026-03-12,2026-05-11,2026-06-21,1
481,3,152,2026-03-12,2026-04-11,2026-03-29,0
482,25,196,2026-03-12,2026-04-11,2026-03-29,0
483,72,320,2026-03-12,2026-05-11,2026-04-20,1
484,28,336,2026-03-12,2026-04-11,2026-04-01,0
485,32,212,2026-03-13,2026-05-12,2026-04-24,1
486,62,491,2026-03-13,2026-04-12,2026-03-21,0
487,49,200,2026-03-14,2026-04-13,2026-03-27,0
488,42,301,2026-03-14,2026-04-13,2026-03-27,0
489,50,460,2026-03-14,2026-03-28,2026-03-22,1
490,74,209,2026-03-16,2026-04-15,2026-03-26,0
491,67,391,2026-03-17,2026-04-16,2026-04-13,0
492,72,189,2026-03-18,2026-03-25,2026-03-21,0
493,32,208,2026-03-18,2026-05-17,2026-05-04,1
494,50,1,2026-03-20,2026-06-18,2026-06-13,2
495,32,204,2026-03-20,2026-04-19,2026-04-12,0
496,49,331,2026-03-20,2026-04-19,2026-04-16,0
497,50,425,2026-03-20,2026-06-18,2026-06-05,2
498,2,516,2026-03-20,2026-04-19,2026-04-23,0
499,45,521,2026-03-20,2026-04-19,2026-03-31,0
500,62,269,2026-03-21,2026-05-20,2026-05-08,1
501,18,305,2026-03-21,2026-04-20,2026-04-03,0
502,44,297,2026-03-27,2026-06-25,2026-06-09,2
503,58,59,2026-03-28,2026-04-27,2026-04-14,0
504,35,288,2026-03-28,2026-06-26,2026-06-20,2
505,29,281,2026-03-30,2026-05-29,2026-05-08,1
506,60,320,2026-03-30,2026-04-29,2026-04-28,0
507,78,209,2026-03-31,2026-04-30,2026-04-07,0
508,67,212,2026-03-31,2026-04-30,2026-04-25,0
509,25,396,2026-03-31,2026-04-30,2026-04-06,0
510,68,112,2026-04-01,2026-05-01,2026-04-30,0
511,28,520,2026-04-01,2026-06-30,2026-07-01,2
512,54,302,2026-04-02,2026-07-01,2026-06-02,2
513,12,401,2026-04-03,2026-06-02,2026-05-07,1
514,58,520,2026-04-03,2026-05-03,2026-04-25,0
515,40,520,2026-04-07,2026-07-06,2026-06-07,2
516,78,306,2026-04-08,2026-04-22,2026-04-30,1
517,7,474,2026-04-08,2026-05-08,2026-04-25,0
518,20,227,2026-04-09,2026-04-16,2026-04-14,0
519,15,451,2026-04-09,2026-05-09,2026-04-27,0
520,42,99,2026-04-10,2026-06-09,2026-05-21,1
521,29,271,2026-04-10,2026-05-10,2026-05-13,0
522,29,189,2026-04-13,2026-04-27,2026-04-21,1
523,40,223,2026-04-14,2026-07-13,2026-07-08,2
524,79,254,2026-04-14,2026-05-14,2026-05-12,0
525,31,255,2026-04-14,2026-05-14,2026-05-08,0
526,18,356,2026-04-14,2026-07-13,2026-06-14,2
527,45,67,2026-04-17,2026-05-17,2026-05-07,0
528,30,331,2026-04-20,2026-05-20,2026-05-11,0
529,6,517,2026-04-20,2026-05-20,2026-05-11,0
530,64,62,2026-04-21,2026-06-20,2026-06-19,1
531,39,16,2026-04-24,2026-06-23,2026-06-08,1
532,22,378,2026-04-24,2026-05-24,2026-05-10,0
533,80,344,2026-04-28,2026-05-28,2026-07-22,0
534,72,507,2026-04-28,2026-05-28,2026-05-19,0
535,32,415,2026-04-29,2026-06-28,2026-06-01,1
536,29,148,2026-04-30,2026-07-29,2026-07-21,2
537,51,331,2026-04-30,2026-05-30,2026-05-10,0
538,35,510,2026-04-30,2026-05-30,2026-05-20,0
539,28,48,2026-05-02,2026-07-31,2026-07-25,2
540,27,304,2026-05-02,2026-07-01,2026-06-05,1
541,14,27,2026-05-05,2026-06-04,2026-05-17,0
542,51,153,2026-05-05,2026-06-04,2026-05-20,0
543,23,285,2026-05-05,2026-06-04,2026-05-30,0
544,69,436,2026-05-08,2026-07-07,2026-06-09,1
545,73,209,2026-05-11,2026-06-10,2026-05-30,0
546,31,249,2026-05-12,2026-06-11,2026-06-03,0
547,34,331,2026-05-12,2026-06-11,2026-06-10,0
548,41,434,2026-05-12,2026-06-11,2026-05-27,0
549,5,484,2026-05-12,2026-06-11,2026-05-24,0
550,28,331,2026-05-13,2026-06-12,2026-06-06,0
551,73,72,2026-05-14,2026-05-28,2026-05-26,1
552,41,352,2026-05-14,2026-08-12,2026-07-17,2
553,68,133,2026-05-18,2026-06-17,2026-06-13,0
554,36,401,2026-05-18,2026-06-17,2026-06-08,0
555,3,239,2026-05-19,2026-07-18,2026-06-25,1
556,68,208,2026-05-20,2026-07-19,2026-07-11,1
557,78,350,2026-05-20,2026-07-19,2026-06-21,1
558,51,267,2026-05-22,2026-08-20,2026-07-23,2
559,38,276,2026-05-22,2026-06-21,2026-06-04,0
560,65,354,2026-05-22,2026-05-29,2026-05-29,0
561,65,365,2026-05-22,2026-06-21,2026-06-20,0
562,16,320,2026-05-25,2026-07-24,2026-07-16,1
563,44,487,2026-05-25,2026-07-24,2026-07-05,1
564,80,520,2026-05-26,2026-07-25,2026-07-23,1
565,77,52,2026-05-28,2026-06-04,2026-06-22,0
566,50,232,2026-05-28,2026-06-27,2026-06-12,0
567,20,96,2026-05-29,2026-06-28,2026-06-15,0
568,32,259,2026-05-29,2026-06-28,2026-06-13,0
569,63,331,2026-05-29,2026-06-28,2026-06-05,0
570,39,88,2026-06-01,2026-06-08,2026-07-23,0
571,18,13,2026-06-03,2026-07-03,2026-06-11,0
572,13,517,2026-06-08,2026-07-08,2026-06-22,0
573,30,150,2026-06-09,2026-06-16,2026-06-11,0
574,44,336,2026-06-09,2026-07-09,2026-07-08,0
575,62,433,2026-06-09,2026-08-08,2026-08-02,1
576,3,374,2026-06-10,2026-07-10,2026-07-06,0
577,32,447,2026-06-10,2026-07-10,2026-06-24,0
578,74,410,2026-06-12,2026-07-12,2026-07-29,0
579,61,75,2026-06-13,2026-06-27,2026-06-26,1
580,20,308,2026-06-13,2026-07-13,2026-07-12,0
581,65,123,2026-06-16,2026-08-15,2026-08-15,1
582,51,320,2026-06-16,2026-08-15,2026-08-07,1
583,31,146,2026-06-18,2026-08-17,2026-07-25,1
584,64,471,2026-06-18,2026-07-18,2026-07-14,0
585,13,98,2026-06-19,2026-07-19,2026-07-31,0
586,28,165,2026-06-19,2026-06-26,2026-06-23,0
587,28,505,2026-06-20,2026-07-20,2026-07-12,0
588,1,520,2026-06-20,2026-07-20,2026-07-16,0
589,45,121,2026-06-25,2026-07-25,2026-07-22,0
590,41,53,2026-06-26,2026-07-10,2026-07-10,1
591,72,220,2026-06-26,2026-07-26,2026-07-13,0
592,32,333,2026-06-26,2026-08-25,2026-08-16,1
593,56,404,2026-06-26,2026-07-26,2026-07-13,0
594,48,411,2026-06-26,2026-07-26,2026-07-13,0
595,50,421,2026-06-26,2026-08-25,2026-08-19,1
596,75,22,2026-06-27,2026-07-25,2026-08-26,1
597,62,179,2026-06-29,2026-07-29,2026-07-22,0
598,23,41,2026-06-30,2026-08-29,2026-08-07,1
599,64,209,2026-06-30,2026-08-29,2026-08-08,1
600,16,485,2026-07-02,2026-08-31,2026-08-21,1
601,72,20,2026-07-03,2026-10-01,2026-09-21,2
602,52,176,2026-07-03,2026-09-01,2026-08-03,1
603,10,196,2026-07-03,2026-08-02,2026-07-22,0
604,3,15,2026-07-04,2026-08-03,2026-08-02,0
605,64,137,2026-07-04,2026-07-11,2026-07-10,0
606,32,355,2026-07-04,2026-10-02,2026-09-09,2
607,72,439,2026-07-04,2026-07-11,2026-07-07,0
608,54,426,2026-07-06,2026-08-05,2026-07-19,0
609,31,472,2026-07-07,2026-08-06,2026-07-30,0
610,28,520,2026-07-07,2026-10-05,,2
611,32,522,2026-07-08,2026-08-07,2026-07-24,0
612,64,486,2026-07-09,2026-07-16,2026-07-15,0
613,52,354,2026-07-10,2026-07-17,2026-07-15,0
614,54,219,2026-07-11,2026-08-10,2026-07-31,0
615,71,331,2026-07-13,2026-08-12,2026-08-30,0
616,32,427,2026-07-13,2026-08-12,2026-08-01,0
617,40,521,2026-07-14,2026-09-12,2026-08-22,1
618,36,311,2026-07-17,2026-08-16,2026-08-22,0
619,41,355,2026-07-18,2026-08-17,2026-08-09,0
620,78,71,2026-07-20,2026-10-18,,2
621,54,58,2026-07-24,2026-09-22,2026-08-25,1
622,4,101,2026-07-24,2026-07-31,2026-07-29,0
623,65,238,2026-07-24,2026-08-23,2026-09-02,0
624,63,348,2026-07-24,2026-08-23,2026-08-02,0
625,11,350,2026-07-25,2026-08-24,2026-08-03,0
626,17,415,2026-07-25,2026-09-23,,1
627,11,5,2026-07-27,2026-08-03,2026-07-30,0
628,10,469,2026-07-28,2026-08-04,,0
629,4,193,2026-07-29,2026-09-27,,1
630,51,257,2026-07-29,2026-08-28,2026-08-15,0
631,46,50,2026-07-30,2026-08-27,2026-08-14,1
632,63,220,2026-07-30,2026-09-28,,1
633,16,490,2026-07-30,2026-08-29,2026-08-14,0
634,4,361,2026-07-31,2026-08-30,2026-08-24,0
635,55,489,2026-07-31,2026-08-30,2026-08-07,0
636,33,498,2026-08-01,2026-09-30,2026-09-12,1
637,2,71,2026-08-03,2026-09-02,2026-08-19,0
638,30,103,2026-08-04,2026-09-03,2026-08-11,0
639,31,255,2026-08-04,2026-09-03,2026-08-27,0
640,55,285,2026-08-04,2026-09-03,2026-09-16,0
641,12,331,2026-08-04,2026-10-03,,1
642,58,220,2026-08-05,2026-09-04,2026-08-31,0
643,47,231,2026-08-05,2026-08-19,2026-08-20,0
644,37,281,2026-08-07,2026-09-06,2026-09-01,0
645,44,331,2026-08-07,2026-09-06,2026-08-27,0
646,51,158,2026-08-12,2026-10-11,,1
647,23,335,2026-08-12,2026-10-11,,1
648,50,373,2026-08-12,2026-09-11,2026-08-24,0
649,62,1,2026-08-14,2026-10-13,2026-09-21,1
650,33,127,2026-08-14,2026-09-13,2026-08-24,0
651,50,320,2026-08-14,2026-09-13,2026-09-01,0
652,68,471,2026-08-14,2026-10-13,,1
653,44,157,2026-08-17,2026-09-16,2026-09-16,0
654,54,358,2026-08-17,2026-08-31,2026-08-31,0
655,54,520,2026-08-17,2026-09-16,2026-09-14,0
656,3,262,2026-08-18,2026-08-25,2026-08-22,0
657,27,5,2026-08-20,2026-09-03,2026-08-28,1
658,50,225,2026-08-20,2026-10-19,,1
659,33,147,2026-08-24,2026-10-23,,1
660,12,377,2026-08-24,2026-10-23,,1
661,32,412,2026-08-24,2026-09-23,,0
662,20,58,2026-08-27,2026-09-26,2026-09-11,0
663,19,429,2026-08-27,2026-09-26,2026-09-12,0
664,78,331,2026-08-28,2026-09-27,2026-09-05,0
665,13,510,2026-08-28,2026-09-27,2026-09-09,0
666,52,281,2026-08-29,2026-09-28,,0
667,7,85,2026-09-01,2026-10-01,,0
668,32,289,2026-09-03,2026-10-03,2026-09-24,0
669,23,404,2026-09-03,2026-10-03,,0
670,31,472,2026-09-05,2026-10-05,,0
671,35,219,2026-09-08,2026-10-08,,0
672,31,249,2026-09-08,2026-10-08,,0
673,17,320,2026-09-08,2026-10-08,,0
674,45,320,2026-09-08,2026-10-08,,0
675,51,384,2026-09-08,2026-10-08,2026-09-15,0
676,68,331,2026-09-09,2026-10-09,,0
677,23,98,2026-09-10,2026-10-10,,0
678,16,132,2026-09-10,2026-10-10,2026-09-16,0
679,23,197,2026-09-10,2026-10-10,,0
680,47,19,2026-09-11,2026-10-11,,0
681,15,39,2026-09-11,2026-10-11,2026-09-25,0
682,66,90,2026-09-12,2026-10-12,,0
683,67,224,2026-09-12,2026-10-12,,0
684,78,373,2026-09-12,2026-10-12,,0
685,16,484,2026-09-12,2026-10-12,2026-09-19,0
686,50,136,2026-09-14,2026-10-14,,0
687,48,521,2026-09-14,2026-10-14,,0
688,56,334,2026-09-15,2026-10-15,2026-09-24,0
689,64,249,2026-09-17,2026-10-17,,0
690,41,435,2026-09-17,2026-10-17,,0
691,49,132,2026-09-18,2026-10-18,,0
692,23,177,2026-09-19,2026-10-19,,0
693,16,520,2026-09-19,2026-10-19,,0
694,50,151,2026-09-21,2026-10-05,,0
695,38,331,2026-09-21,2026-10-21,,0
696,78,39,2026-09-22,2026-10-22,,0
697,51,464,2026-09-22,2026-10-22,,0
698,48,462,2026-09-23,2026-10-23,,0
699,14,432,2026-09-24,2026-10-24,,0
700,29,520,2026-09-24,2026-10-24,,0
