id,dipendente_id,tipo,data_inizio,data_fine,quantita,unita
1,11,ferie,2025-01-07,2025-01-10,4,giorni
2,80,permesso,2025-01-13,2025-01-13,3,ore
3,97,malattia,2025-01-14,2025-01-18,5,giorni
4,112,ferie,2025-01-14,2025-01-16,3,giorni
5,117,ferie,2025-01-15,2025-01-21,5,giorni
6,19,malattia,2025-01-16,2025-01-20,5,giorni
7,116,ferie,2025-01-16,2025-01-16,1,giorni
8,53,permesso,2025-01-17,2025-01-17,2,ore
9,16,permesso,2025-01-21,2025-01-21,4,ore
10,117,permesso,2025-01-23,2025-01-23,2,ore
11,71,permesso,2025-01-24,2025-01-24,3,ore
12,4,permesso,2025-01-29,2025-01-29,2,ore
13,77,malattia,2025-01-30,2025-02-01,3,giorni
14,91,permesso,2025-02-03,2025-02-03,2,ore
15,24,permesso,2025-02-10,2025-02-10,1,ore
16,102,ferie,2025-02-14,2025-02-17,2,giorni
17,73,ferie,2025-02-17,2025-02-19,3,giorni
18,75,permesso,2025-02-18,2025-02-18,8,ore
19,33,malattia,2025-02-20,2025-02-22,3,giorni
20,99,malattia,2025-02-20,2025-02-21,2,giorni
21,115,ferie,2025-02-24,2025-02-28,5,giorni
22,82,ferie,2025-02-25,2025-03-03,5,giorni
23,31,permesso,2025-02-26,2025-02-26,2,ore
24,51,permesso,2025-02-26,2025-02-26,2,ore
25,78,permesso,2025-02-26,2025-02-26,1,ore
26,105,permesso,2025-02-26,2025-02-26,3,ore
27,26,permesso,2025-02-27,2025-02-27,3,ore
28,52,ferie,2025-02-28,2025-03-06,5,giorni
29,95,permesso,2025-03-03,2025-03-03,2,ore
30,15,ferie,2025-03-04,2025-03-07,4,giorni
31,80,permesso,2025-03-07,2025-03-07,2,ore
32,7,malattia,2025-03-11,2025-03-14,4,giorni
33,32,permesso,2025-03-12,2025-03-12,1,ore
34,95,malattia,2025-03-12,2025-03-16,5,giorni
35,76,ferie,2025-03-13,2025-03-19,5,giorni
36,119,malattia,2025-03-13,2025-03-13,1,giorni
37,105,ferie,2025-03-14,2025-03-19,4,giorni
38,63,permesso,2025-03-17,2025-03-17,3,ore
39,42,ferie,2025-03-21,2025-03-25,3,giorni
40,80,malattia,2025-03-25,2025-03-27,3,giorni
41,61,permesso,2025-03-26,2025-03-26,4,ore
42,79,ferie,2025-03-27,2025-04-02,5,giorni
43,104,ferie,2025-03-27,2025-03-27,1,giorni
44,22,permesso,2025-03-28,2025-03-28,4,ore
45,63,ferie,2025-03-28,2025-03-31,2,giorni
46,68,ferie,2025-03-31,2025-03-31,1,giorni
47,101,ferie,2025-03-31,2025-03-31,1,giorni
48,40,permesso,2025-04-01,2025-04-01,1,ore
49,112,malattia,2025-04-02,2025-04-04,3,giorni
50,18,ferie,2025-04-07,2025-04-08,2,giorni
51,8,malattia,2025-04-14,2025-04-17,4,giorni
52,68,permesso,2025-04-14,2025-04-14,4,ore
53,94,permesso,2025-04-16,2025-04-16,1,ore
54,3,permesso,2025-04-17,2025-04-17,4,ore
55,62,ferie,2025-04-28,2025-04-29,2,giorni
56,63,permesso,2025-04-28,2025-04-28,1,ore
57,91,ferie,2025-04-29,2025-05-05,4,giorni
58,117,ferie,2025-05-07,2025-05-08,2,giorni
59,1,ferie,2025-05-12,2025-05-13,2,giorni
60,9,ferie,2025-05-12,2025-05-14,3,giorni
61,52,permesso,2025-05-12,2025-05-12,4,ore
62,26,permesso,2025-05-14,2025-05-14,4,ore
63,54,ferie,2025-05-14,2025-05-20,5,giorni
64,88,permesso,2025-05-14,2025-05-14,2,ore
65,40,permesso,2025-05-15,2025-05-15,8,ore
66,109,ferie,2025-05-20,2025-05-21,2,giorni
67,5,ferie,2025-05-21,2025-05-27,5,giorni
68,64,malattia,2025-05-27,2025-06-02,7,giorni
69,94,ferie,2025-05-27,2025-05-28,2,giorni
70,79,permesso,2025-05-28,2025-05-28,4,ore
71,9,ferie,2025-05-29,2025-05-30,2,giorni
72,114,ferie,2025-05-29,2025-05-29,1,giorni
73,33,permesso,2025-05-30,2025-05-30,2,ore
74,92,permesso,2025-06-04,2025-06-04,2,ore
75,61,ferie,2025-06-06,2025-06-11,4,giorni
76,68,malattia,2025-06-06,2025-06-06,1,giorni
77,77,permesso,2025-06-09,2025-06-09,8,ore
78,85,permesso,2025-06-09,2025-06-09,4,ore
79,77,ferie,2025-06-10,2025-06-12,3,giorni
80,89,permesso,2025-06-13,2025-06-13,1,ore
81,4,malattia,2025-06-19,2025-06-21,3,giorni
82,34,ferie,2025-06-19,2025-06-23,3,giorni
83,80,ferie,2025-06-24,2025-06-30,5,giorni
84,36,ferie,2025-07-01,2025-07-02,2,giorni
85,68,ferie,2025-07-01,2025-07-14,10,giorni
86,118,ferie,2025-07-02,2025-07-11,8,giorni
87,19,ferie,2025-07-03,2025-07-16,10,giorni
88,23,permesso,2025-07-03,2025-07-03,3,ore
89,60,ferie,2025-07-03,2025-07-09,5,giorni
90,86,ferie,2025-07-03,2025-07-16,10,giorni
91,52,malattia,2025-07-04,2025-07-05,2,giorni
92,114,ferie,2025-07-04,2025-07-08,3,giorni
93,120,ferie,2025-07-04,2025-07-07,2,giorni
94,53,permesso,2025-07-07,2025-07-07,4,ore
95,67,ferie,2025-07-07,2025-07-08,2,giorni
96,70,ferie,2025-07-07,2025-07-08,2,giorni
97,4,ferie,2025-07-09,2025-07-11,3,giorni
98,36,ferie,2025-07-09,2025-07-18,8,giorni
99,43,ferie,2025-07-09,2025-07-22,10,giorni
100,71,ferie,2025-07-10,2025-07-30,15,giorni
101,10,ferie,2025-07-11,2025-07-14,2,giorni
102,105,ferie,2025-07-11,2025-07-24,10,giorni
103,1,ferie,2025-07-14,2025-08-01,15,giorni
104,28,ferie,2025-07-14,2025-07-25,10,giorni
105,60,ferie,2025-07-14,2025-07-23,8,giorni
106,23,ferie,2025-07-15,2025-07-28,10,giorni
107,104,malattia,2025-07-15,2025-07-17,3,giorni
108,10,ferie,2025-07-16,2025-07-25,8,giorni
109,108,ferie,2025-07-16,2025-08-05,15,giorni
110,2,ferie,2025-07-17,2025-07-30,10,giorni
111,25,ferie,2025-07-17,2025-07-28,8,giorni
112,73,ferie,2025-07-17,2025-07-30,10,giorni
113,21,ferie,2025-07-21,2025-08-01,10,giorni
114,33,ferie,2025-07-22,2025-08-04,10,giorni
115,87,ferie,2025-07-24,2025-08-13,15,giorni
116,83,malattia,2025-07-25,2025-07-26,2,giorni
117,17,ferie,2025-07-28,2025-08-08,10,giorni
118,12,ferie,2025-07-29,2025-08-19,15,giorni
119,95,ferie,2025-07-29,2025-08-04,5,giorni
120,79,ferie,2025-07-30,2025-08-12,10,giorni
121,110,ferie,2025-08-01,2025-08-06,4,giorni
122,3,ferie,2025-08-05,2025-08-26,15,giorni
123,14,ferie,2025-08-05,2025-08-07,3,giorni
124,34,ferie,2025-08-05,2025-08-19,10,giorni
125,64,ferie,2025-08-06,2025-08-27,15,giorni
126,92,ferie,2025-08-06,2025-08-07,2,giorni
127,96,permesso,2025-08-08,2025-08-08,4,ore
128,5,ferie,2025-08-11,2025-08-22,9,giorni
129,6,ferie,2025-08-11,2025-08-22,9,giorni
130,8,ferie,2025-08-11,2025-08-22,9,giorni
131,9,ferie,2025-08-11,2025-08-22,9,giorni
132,13,ferie,2025-08-11,2025-08-22,9,giorni
133,14,ferie,2025-08-11,2025-08-22,9,giorni
134,15,ferie,2025-08-11,2025-08-22,9,giorni
135,16,ferie,2025-08-11,2025-08-22,9,giorni
136,18,ferie,2025-08-11,2025-08-22,9,giorni
137,20,ferie,2025-08-11,2025-08-22,9,giorni
138,22,ferie,2025-08-11,2025-08-22,9,giorni
139,27,ferie,2025-08-11,2025-08-22,9,giorni
140,31,ferie,2025-08-11,2025-08-22,9,giorni
141,32,ferie,2025-08-11,2025-08-22,9,giorni
142,35,ferie,2025-08-11,2025-08-22,9,giorni
143,38,ferie,2025-08-11,2025-08-22,9,giorni
144,39,ferie,2025-08-11,2025-08-22,9,giorni
145,40,ferie,2025-08-11,2025-08-22,9,giorni
146,42,ferie,2025-08-11,2025-08-22,9,giorni
147,45,ferie,2025-08-11,2025-08-22,9,giorni
148,46,ferie,2025-08-11,2025-08-22,9,giorni
149,48,ferie,2025-08-11,2025-08-22,9,giorni
150,49,ferie,2025-08-11,2025-08-22,9,giorni
151,50,ferie,2025-08-11,2025-08-22,9,giorni
152,52,ferie,2025-08-11,2025-08-22,9,giorni
153,53,ferie,2025-08-11,2025-08-22,9,giorni
154,54,ferie,2025-08-11,2025-08-22,9,giorni
155,55,ferie,2025-08-11,2025-08-22,9,giorni
156,61,ferie,2025-08-11,2025-08-22,9,giorni
157,62,ferie,2025-08-11,2025-08-22,9,giorni
158,63,ferie,2025-08-11,2025-08-22,9,giorni
159,65,ferie,2025-08-11,2025-08-22,9,giorni
160,67,ferie,2025-08-11,2025-08-22,9,giorni
161,69,ferie,2025-08-11,2025-08-22,9,giorni
162,70,ferie,2025-08-11,2025-08-22,9,giorni
163,72,ferie,2025-08-11,2025-08-22,9,giorni
164,74,ferie,2025-08-11,2025-08-22,9,giorni
165,76,ferie,2025-08-11,2025-08-22,9,giorni
166,77,ferie,2025-08-11,2025-08-25,10,giorni
167,78,ferie,2025-08-11,2025-08-22,9,giorni
168,80,ferie,2025-08-11,2025-08-22,9,giorni
169,83,ferie,2025-08-11,2025-08-22,9,giorni
170,84,ferie,2025-08-11,2025-08-22,9,giorni
171,85,ferie,2025-08-11,2025-08-22,9,giorni
172,88,ferie,2025-08-11,2025-08-22,9,giorni
173,89,ferie,2025-08-11,2025-08-22,9,giorni
174,90,ferie,2025-08-11,2025-08-22,9,giorni
175,92,ferie,2025-08-11,2025-08-22,9,giorni
176,94,ferie,2025-08-11,2025-08-22,9,giorni
177,95,ferie,2025-08-11,2025-08-22,9,giorni
178,96,ferie,2025-08-11,2025-08-14,4,giorni
179,97,ferie,2025-08-11,2025-08-22,9,giorni
180,101,ferie,2025-08-11,2025-08-22,9,giorni
181,103,ferie,2025-08-11,2025-08-22,9,giorni
182,106,ferie,2025-08-11,2025-08-22,9,giorni
183,109,ferie,2025-08-11,2025-08-22,9,giorni
184,110,ferie,2025-08-11,2025-08-22,9,giorni
185,112,ferie,2025-08-11,2025-08-22,9,giorni
186,113,ferie,2025-08-11,2025-08-22,9,giorni
187,114,ferie,2025-08-11,2025-08-22,9,giorni
188,115,ferie,2025-08-11,2025-08-22,9,giorni
189,119,ferie,2025-08-11,2025-08-22,9,giorni
190,120,ferie,2025-08-11,2025-08-22,9,giorni
191,75,ferie,2025-08-12,2025-08-22,8,giorni
192,107,ferie,2025-08-12,2025-08-26,10,giorni
193,81,ferie,2025-08-13,2025-08-27,10,giorni
194,91,ferie,2025-08-13,2025-08-27,10,giorni
195,11,ferie,2025-08-14,2025-08-28,10,giorni
196,24,ferie,2025-08-14,2025-08-28,10,giorni
197,26,ferie,2025-08-18,2025-08-27,8,giorni
198,37,ferie,2025-08-19,2025-09-01,10,giorni
199,7,ferie,2025-08-20,2025-09-02,10,giorni
200,25,ferie,2025-08-20,2025-08-21,2,giorni
201,30,ferie,2025-08-20,2025-09-02,10,giorni
202,51,ferie,2025-08-22,2025-09-04,10,giorni
203,104,ferie,2025-08-22,2025-09-11,15,giorni
204,116,ferie,2025-08-22,2025-09-11,15,giorni
205,4,ferie,2025-08-25,2025-09-05,10,giorni
206,39,ferie,2025-08-25,2025-08-29,5,giorni
207,44,ferie,2025-08-26,2025-09-04,8,giorni
208,99,ferie,2025-08-27,2025-09-09,10,giorni
209,14,ferie,2025-08-29,2025-09-01,2,giorni
210,100,ferie,2025-08-29,2025-09-11,10,giorni
211,117,ferie,2025-09-01,2025-09-10,8,giorni
212,109,permesso,2025-09-03,2025-09-03,8,ore
213,8,ferie,2025-09-04,2025-09-04,1,giorni
214,62,ferie,2025-09-05,2025-09-09,3,giorni
215,6,permesso,2025-09-11,2025-09-11,2,ore
216,78,ferie,2025-09-15,2025-09-19,5,giorni
217,12,permesso,2025-09-18,2025-09-18,4,ore
218,97,ferie,2025-09-18,2025-09-22,3,giorni
219,76,ferie,2025-09-24,2025-09-30,5,giorni
220,19,ferie,2025-09-25,2025-09-29,3,giorni
221,81,ferie,2025-09-25,2025-09-26,2,giorni
222,42,ferie,2025-09-26,2025-10-02,5,giorni
223,73,ferie,2025-09-29,2025-09-29,1,giorni
224,116,permesso,2025-09-29,2025-09-29,1,ore
225,55,permesso,2025-09-30,2025-09-30,4,ore
226,60,ferie,2025-09-30,2025-10-03,4,giorni
227,103,permesso,2025-10-01,2025-10-01,4,ore
228,120,permesso,2025-10-01,2025-10-01,1,ore
229,12,malattia,2025-10-13,2025-10-16,4,giorni
230,20,permesso,2025-10-14,2025-10-14,1,ore
231,100,permesso,2025-10-14,2025-10-14,4,ore
232,51,permesso,2025-10-15,2025-10-15,4,ore
233,1,ferie,2025-10-16,2025-10-22,5,giorni
234,56,malattia,2025-10-16,2025-10-25,10,giorni
235,17,permesso,2025-10-20,2025-10-20,3,ore
236,65,permesso,2025-10-20,2025-10-20,2,ore
237,31,permesso,2025-10-24,2025-10-24,4,ore
238,13,permesso,2025-10-29,2025-10-29,4,ore
239,20,permesso,2025-10-30,2025-10-30,2,ore
240,88,ferie,2025-11-03,2025-11-03,1,giorni
241,3,permesso,2025-11-05,2025-11-05,4,ore
242,5,malattia,2025-11-05,2025-11-11,7,giorni
243,50,permesso,2025-11-05,2025-11-05,4,ore
244,59,ferie,2025-11-05,2025-11-06,2,giorni
245,103,ferie,2025-11-07,2025-11-10,2,giorni
246,38,permesso,2025-11-10,2025-11-10,3,ore
247,59,permesso,2025-11-10,2025-11-10,4,ore
248,87,malattia,2025-11-10,2025-11-12,3,giorni
249,106,ferie,2025-11-10,2025-11-11,2,giorni
250,112,ferie,2025-11-12,2025-11-17,4,giorni
251,22,ferie,2025-11-13,2025-11-13,1,giorni
252,117,permesso,2025-11-14,2025-11-14,4,ore
253,59,ferie,2025-11-17,2025-11-20,4,giorni
254,26,ferie,2025-11-19,2025-11-19,1,giorni
255,30,permesso,2025-11-19,2025-11-19,2,ore
256,100,permesso,2025-11-20,2025-11-20,4,ore
257,37,ferie,2025-11-21,2025-11-27,5,giorni
258,50,ferie,2025-11-21,2025-11-24,2,giorni
259,75,ferie,2025-11-24,2025-11-25,2,giorni
260,113,permesso,2025-11-24,2025-11-24,3,ore
261,29,ferie,2025-11-25,2025-11-26,2,giorni
262,10,permesso,2025-12-01,2025-12-01,2,ore
263,84,malattia,2025-12-05,2025-12-07,3,giorni
264,34,malattia,2025-12-11,2025-12-11,1,giorni
265,37,permesso,2025-12-16,2025-12-16,1,ore
266,92,permesso,2025-12-19,2025-12-19,1,ore
267,15,permesso,2025-12-22,2025-12-22,4,ore
268,32,ferie,2025-12-22,2025-12-24,3,giorni
269,70,ferie,2025-12-22,2025-12-24,3,giorni
270,3,ferie,2025-12-23,2025-12-29,3,giorni
271,24,ferie,2025-12-23,2025-12-29,3,giorni
272,35,ferie,2025-12-23,2025-12-24,2,giorni
273,38,ferie,2025-12-23,2025-12-24,2,giorni
274,49,ferie,2025-12-23,2025-12-29,3,giorni
275,50,ferie,2025-12-23,2025-12-24,2,giorni
276,69,ferie,2025-12-23,2025-12-29,3,giorni
277,77,ferie,2025-12-23,2025-12-24,2,giorni
278,83,ferie,2025-12-23,2025-12-24,2,giorni
279,86,ferie,2025-12-23,2025-12-29,3,giorni
280,100,ferie,2025-12-23,2025-12-29,3,giorni
281,112,ferie,2025-12-23,2025-12-24,2,giorni
282,21,ferie,2025-12-24,2025-12-29,2,giorni
283,31,ferie,2025-12-24,2025-12-29,2,giorni
284,43,ferie,2025-12-24,2025-12-30,3,giorni
285,57,ferie,2025-12-24,2025-12-29,2,giorni
286,64,ferie,2025-12-24,2025-12-30,3,giorni
287,71,ferie,2025-12-24,2025-12-29,2,giorni
288,72,ferie,2025-12-24,2025-12-30,3,giorni
289,74,ferie,2025-12-24,2025-12-30,3,giorni
290,76,ferie,2025-12-24,2025-12-30,3,giorni
291,4,ferie,2025-12-29,2025-12-31,3,giorni
292,7,permesso,2025-12-29,2025-12-29,4,ore
293,17,ferie,2025-12-29,2025-12-31,3,giorni
294,34,ferie,2025-12-29,2025-12-30,2,giorni
295,81,ferie,2025-12-29,2025-12-31,3,giorni
296,85,ferie,2025-12-29,2025-12-30,2,giorni
297,119,ferie,2025-12-29,2025-12-30,2,giorni
298,29,ferie,2025-12-30,2025-12-31,2,giorni
299,57,malattia,2025-12-30,2025-12-31,2,giorni
300,63,ferie,2025-12-30,2025-12-31,2,giorni
301,65,ferie,2025-12-30,2025-12-31,2,giorni
302,107,ferie,2025-12-30,2025-12-31,2,giorni
303,17,ferie,2026-01-02,2026-01-02,1,giorni
304,54,ferie,2026-01-05,2026-01-05,1,giorni
305,18,permesso,2026-01-08,2026-01-08,4,ore
306,36,permesso,2026-01-08,2026-01-08,2,ore
307,69,malattia,2026-01-08,2026-01-17,10,giorni
308,29,permesso,2026-01-09,2026-01-09,4,ore
309,42,malattia,2026-01-09,2026-01-15,7,giorni
310,87,permesso,2026-01-09,2026-01-09,2,ore
311,2,ferie,2026-01-12,2026-01-14,3,giorni
312,117,permesso,2026-01-13,2026-01-13,4,ore
313,34,permesso,2026-01-14,2026-01-14,8,ore
314,82,ferie,2026-01-14,2026-01-16,3,giorni
315,56,malattia,2026-01-15,2026-01-19,5,giorni
316,94,permesso,2026-01-15,2026-01-15,4,ore
317,3,malattia,2026-01-16,2026-01-17,2,giorni
318,85,malattia,2026-01-16,2026-01-17,2,giorni
319,42,permesso,2026-01-19,2026-01-19,8,ore
320,15,ferie,2026-01-21,2026-01-27,5,giorni
321,92,ferie,2026-01-21,2026-01-21,1,giorni
322,40,permesso,2026-01-22,2026-01-22,2,ore
323,100,permesso,2026-01-23,2026-01-23,2,ore
324,2,malattia,2026-01-27,2026-01-29,3,giorni
325,48,permesso,2026-01-28,2026-01-28,8,ore
326,65,ferie,2026-01-28,2026-01-29,2,giorni
327,79,ferie,2026-01-28,2026-02-03,5,giorni
328,82,permesso,2026-01-28,2026-01-28,4,ore
329,30,permesso,2026-01-29,2026-01-29,4,ore
330,82,permesso,2026-01-30,2026-01-30,3,ore
331,37,ferie,2026-02-03,2026-02-05,3,giorni
332,75,ferie,2026-02-03,2026-02-06,4,giorni
333,94,malattia,2026-02-06,2026-02-09,4,giorni
334,116,permesso,2026-02-06,2026-02-06,3,ore
335,17,malattia,2026-02-09,2026-02-11,3,giorni
336,115,ferie,2026-02-11,2026-02-12,2,giorni
337,116,ferie,2026-02-11,2026-02-16,4,giorni
338,112,ferie,2026-02-13,2026-02-13,1,giorni
339,51,permesso,2026-02-16,2026-02-16,2,ore
340,88,ferie,2026-02-16,2026-02-20,5,giorni
341,35,permesso,2026-02-17,2026-02-17,2,ore
342,81,permesso,2026-02-17,2026-02-17,4,ore
343,70,ferie,2026-02-18,2026-02-19,2,giorni
344,9,ferie,2026-02-20,2026-02-25,4,giorni
345,71,ferie,2026-02-23,2026-02-25,3,giorni
346,114,ferie,2026-02-24,2026-02-27,4,giorni
347,34,ferie,2026-02-27,2026-02-27,1,giorni
348,87,permesso,2026-02-27,2026-02-27,3,ore
349,48,ferie,2026-03-03,2026-03-06,4,giorni
350,56,ferie,2026-03-03,2026-03-03,1,giorni
351,45,ferie,2026-03-05,2026-03-06,2,giorni
352,79,permesso,2026-03-05,2026-03-05,1,ore
353,21,ferie,2026-03-06,2026-03-12,5,giorni
354,119,ferie,2026-03-06,2026-03-11,4,giorni
355,91,ferie,2026-03-10,2026-03-11,2,giorni
356,17,permesso,2026-03-12,2026-03-12,4,ore
357,75,ferie,2026-03-12,2026-03-18,5,giorni
358,16,ferie,2026-03-13,2026-03-18,4,giorni
359,41,ferie,2026-03-16,2026-03-20,5,giorni
360,30,ferie,2026-03-17,2026-03-23,5,giorni
361,74,permesso,2026-03-17,2026-03-17,8,ore
362,86,ferie,2026-03-17,2026-03-23,5,giorni
363,90,permesso,2026-03-17,2026-03-17,4,ore
364,45,malattia,2026-03-18,2026-03-20,3,giorni
365,97,ferie,2026-03-20,2026-03-20,1,giorni
366,110,permesso,2026-03-23,2026-03-23,2,ore
367,59,ferie,2026-03-24,2026-03-26,3,giorni
368,88,permesso,2026-03-25,2026-03-25,2,ore
369,91,permesso,2026-03-25,2026-03-25,2,ore
370,5,ferie,2026-03-30,2026-04-03,5,giorni
371,91,ferie,2026-03-31,2026-04-02,3,giorni
372,27,permesso,2026-04-01,2026-04-01,2,ore
373,108,permesso,2026-04-02,2026-04-02,4,ore
374,12,ferie,2026-04-07,2026-04-08,2,giorni
375,17,ferie,2026-04-07,2026-04-10,4,giorni
376,107,ferie,2026-04-07,2026-04-07,1,giorni
377,90,ferie,2026-04-09,2026-04-13,3,giorni
378,33,ferie,2026-04-10,2026-04-14,3,giorni
379,4,malattia,2026-04-14,2026-04-14,1,giorni
380,66,ferie,2026-04-14,2026-04-20,5,giorni
381,19,permesso,2026-04-15,2026-04-15,2,ore
382,90,permesso,2026-04-15,2026-04-15,2,ore
383,67,ferie,2026-04-16,2026-04-17,2,giorni
384,80,malattia,2026-04-16,2026-04-22,7,giorni
385,86,permesso,2026-04-16,2026-04-16,4,ore
386,105,ferie,2026-04-16,2026-04-20,3,giorni
387,114,malattia,2026-04-16,2026-04-18,3,giorni
388,10,ferie,2026-04-17,2026-04-21,3,giorni
389,11,ferie,2026-04-17,2026-04-20,2,giorni
390,78,permesso,2026-04-17,2026-04-17,2,ore
391,41,ferie,2026-04-20,2026-04-21,2,giorni
392,13,permesso,2026-04-21,2026-04-21,4,ore
393,105,permesso,2026-04-22,2026-04-22,3,ore
394,113,ferie,2026-04-22,2026-04-27,4,giorni
395,109,ferie,2026-04-23,2026-04-24,2,giorni
396,119,malattia,2026-04-23,2026-04-25,3,giorni
397,98,permesso,2026-04-27,2026-04-27,2,ore
398,104,permesso,2026-04-27,2026-04-27,2,ore
399,14,ferie,2026-04-30,2026-05-07,5,giorni
400,63,ferie,2026-04-30,2026-04-30,1,giorni
401,76,permesso,2026-04-30,2026-04-30,4,ore
402,110,permesso,2026-04-30,2026-04-30,8,ore
403,113,malattia,2026-04-30,2026-05-02,3,giorni
404,57,ferie,2026-05-04,2026-05-06,3,giorni
405,83,permesso,2026-05-04,2026-05-04,1,ore
406,88,ferie,2026-05-04,2026-05-08,5,giorni
407,107,permesso,2026-05-04,2026-05-04,4,ore
408,111,malattia,2026-05-04,2026-05-13,10,giorni
409,49,permesso,2026-05-05,2026-05-05,2,ore
410,58,ferie,2026-05-05,2026-05-06,2,giorni
411,95,permesso,2026-05-05,2026-05-05,3,ore
412,98,ferie,2026-05-05,2026-05-11,5,giorni
413,109,ferie,2026-05-05,2026-05-06,2,giorni
414,120,malattia,2026-05-06,2026-05-12,7,giorni
415,48,malattia,2026-05-07,2026-05-08,2,giorni
416,66,permesso,2026-05-08,2026-05-08,4,ore
417,21,permesso,2026-05-11,2026-05-11,2,ore
418,31,ferie,2026-05-11,2026-05-12,2,giorni
419,15,malattia,2026-05-12,2026-05-21,10,giorni
420,73,ferie,2026-05-12,2026-05-14,3,giorni
421,60,ferie,2026-05-13,2026-05-14,2,giorni
422,120,ferie,2026-05-13,2026-05-18,4,giorni
423,52,permesso,2026-05-15,2026-05-15,3,ore
424,55,permesso,2026-05-18,2026-05-18,3,ore
425,111,ferie,2026-05-21,2026-05-22,2,giorni
426,23,permesso,2026-05-22,2026-05-22,3,ore
427,24,ferie,2026-05-22,2026-05-22,1,giorni
428,71,ferie,2026-05-22,2026-05-27,4,giorni
429,120,ferie,2026-05-22,2026-05-25,2,giorni
430,118,permesso,2026-05-25,2026-05-25,8,ore
431,108,ferie,2026-05-26,2026-05-26,1,giorni
432,86,ferie,2026-05-27,2026-06-03,5,giorni
433,108,permesso,2026-05-27,2026-05-27,1,ore
434,40,ferie,2026-05-28,2026-06-04,5,giorni
435,90,ferie,2026-05-28,2026-05-29,2,giorni
436,31,ferie,2026-05-29,2026-06-04,4,giorni
437,44,permesso,2026-06-01,2026-06-01,2,ore
438,88,ferie,2026-06-01,2026-06-01,1,giorni
439,21,permesso,2026-06-03,2026-06-03,8,ore
440,62,ferie,2026-06-03,2026-06-03,1,giorni
441,27,permesso,2026-06-04,2026-06-04,2,ore
442,68,permesso,2026-06-04,2026-06-04,2,ore
443,14,permesso,2026-06-05,2026-06-05,4,ore
444,98,ferie,2026-06-05,2026-06-09,3,giorni
445,85,ferie,2026-06-11,2026-06-15,3,giorni
446,103,ferie,2026-06-11,2026-06-17,5,giorni
447,51,permesso,2026-06-18,2026-06-18,8,ore
448,76,permesso,2026-06-18,2026-06-18,3,ore
449,1,ferie,2026-06-19,2026-06-19,1,giorni
450,46,ferie,2026-06-19,2026-06-25,5,giorni
451,78,permesso,2026-06-19,2026-06-19,2,ore
452,57,permesso,2026-06-23,2026-06-23,8,ore
453,120,permesso,2026-06-24,2026-06-24,4,ore
454,65,ferie,2026-06-26,2026-06-26,1,giorni
455,84,ferie,2026-06-26,2026-06-26,1,giorni
456,106,malattia,2026-06-26,2026-06-28,3,giorni
457,60,malattia,2026-06-29,2026-07-01,3,giorni
458,22,ferie,2026-07-01,2026-07-07,5,giorni
459,29,ferie,2026-07-01,2026-07-14,10,giorni
460,83,permesso,2026-07-01,2026-07-01,3,ore
461,54,permesso,2026-07-02,2026-07-02,2,ore
462,71,permesso,2026-07-03,2026-07-03,2,ore
463,107,ferie,2026-07-03,2026-07-14,8,giorni
464,14,ferie,2026-07-06,2026-07-07,2,giorni
465,50,permesso,2026-07-07,2026-07-07,4,ore
466,64,permesso,2026-07-07,2026-07-07,4,ore
467,82,ferie,2026-07-07,2026-07-20,10,giorni
468,116,ferie,2026-07-07,2026-07-20,10,giorni
469,30,ferie,2026-07-08,2026-07-17,8,giorni
470,33,ferie,2026-07-08,2026-07-28,15,giorni
471,41,ferie,2026-07-08,2026-07-28,15,giorni
472,114,ferie,2026-07-08,2026-07-08,1,giorni
473,9,ferie,2026-07-09,2026-07-14,4,giorni
474,88,permesso,2026-07-09,2026-07-09,8,ore
475,98,permesso,2026-07-09,2026-07-09,1,ore
476,104,ferie,2026-07-09,2026-07-20,8,giorni
477,51,ferie,2026-07-10,2026-07-15,4,giorni
478,96,permesso,2026-07-10,2026-07-10,3,ore
479,102,ferie,2026-07-10,2026-07-23,10,giorni
480,42,permesso,2026-07-13,2026-07-13,2,ore
481,53,permesso,2026-07-13,2026-07-13,4,ore
482,77,permesso,2026-07-13,2026-07-13,3,ore
483,58,malattia,2026-07-14,2026-07-15,2,giorni
484,60,permesso,2026-07-14,2026-07-14,1,ore
485,34,permesso,2026-07-15,2026-07-15,2,ore
486,36,ferie,2026-07-15,2026-07-16,2,giorni
487,16,permesso,2026-07-16,2026-07-16,8,ore
488,12,ferie,2026-07-17,2026-07-30,10,giorni
489,34,ferie,2026-07-17,2026-08-06,15,giorni
490,56,permesso,2026-07-17,2026-07-17,4,ore
491,68,ferie,2026-07-17,2026-07-17,1,giorni
492,71,ferie,2026-07-17,2026-08-06,15,giorni
493,72,ferie,2026-07-17,2026-07-21,3,giorni
494,89,ferie,2026-07-17,2026-07-21,3,giorni
495,11,permesso,2026-07-20,2026-07-20,4,ore
496,16,malattia,2026-07-21,2026-07-21,1,giorni
497,83,malattia,2026-07-21,2026-07-27,7,giorni
498,99,ferie,2026-07-21,2026-08-03,10,giorni
499,7,ferie,2026-07-22,2026-07-22,1,giorni
500,117,ferie,2026-07-22,2026-08-04,10,giorni
501,75,ferie,2026-07-23,2026-08-03,8,giorni
502,109,permesso,2026-07-23,2026-07-23,4,ore
503,6,permesso,2026-07-24,2026-07-24,1,ore
504,44,ferie,2026-07-24,2026-08-04,8,giorni
505,46,permesso,2026-07-24,2026-07-24,4,ore
506,55,malattia,2026-07-24,2026-07-30,7,giorni
507,56,ferie,2026-07-24,2026-08-06,10,giorni
508,30,ferie,2026-07-27,2026-07-30,4,giorni
509,47,ferie,2026-07-27,2026-08-07,10,giorni
510,73,ferie,2026-07-27,2026-08-07,10,giorni
511,4,ferie,2026-07-28,2026-07-31,4,giorni
512,10,ferie,2026-07-28,2026-08-17,15,giorni
513,25,ferie,2026-07-28,2026-08-10,10,giorni
514,36,malattia,2026-07-28,2026-07-29,2,giorni
515,86,ferie,2026-07-28,2026-08-10,10,giorni
516,95,permesso,2026-07-28,2026-07-28,1,ore
517,24,ferie,2026-07-29,2026-08-07,8,giorni
518,60,ferie,2026-07-29,2026-08-11,10,giorni
519,108,malattia,2026-07-30,2026-08-05,7,giorni
520,14,permesso,2026-07-31,2026-07-31,3,ore
521,17,ferie,2026-08-03,2026-08-14,10,giorni
522,11,ferie,2026-08-04,2026-08-17,10,giorni
523,37,ferie,2026-08-04,2026-08-24,15,giorni
524,59,permesso,2026-08-04,2026-08-04,3,ore
525,81,ferie,2026-08-04,2026-08-17,10,giorni
526,98,ferie,2026-08-04,2026-08-17,10,giorni
527,105,ferie,2026-08-05,2026-08-25,15,giorni
528,28,ferie,2026-08-06,2026-08-19,10,giorni
529,70,permesso,2026-08-06,2026-08-06,8,ore
530,87,ferie,2026-08-06,2026-08-19,10,giorni
531,7,malattia,2026-08-07,2026-08-08,2,giorni
532,8,permesso,2026-08-07,2026-08-07,8,ore
533,51,ferie,2026-08-07,2026-08-20,10,giorni
534,77,ferie,2026-08-07,2026-08-18,8,giorni
535,1,permesso,2026-08-10,2026-08-10,2,ore
536,5,ferie,2026-08-10,2026-08-21,10,giorni
537,6,ferie,2026-08-10,2026-08-21,10,giorni
538,8,ferie,2026-08-10,2026-08-21,10,giorni
539,9,ferie,2026-08-10,2026-08-21,10,giorni
540,13,ferie,2026-08-10,2026-08-21,10,giorni
541,14,ferie,2026-08-10,2026-08-21,10,giorni
542,15,ferie,2026-08-10,2026-08-21,10,giorni
543,16,ferie,2026-08-10,2026-08-21,10,giorni
544,18,ferie,2026-08-10,2026-08-21,10,giorni
545,19,ferie,2026-08-10,2026-08-28,15,giorni
546,20,ferie,2026-08-10,2026-08-21,10,giorni
547,22,ferie,2026-08-10,2026-08-21,10,giorni
548,27,ferie,2026-08-10,2026-08-21,10,giorni
549,31,ferie,2026-08-10,2026-08-21,10,giorni
550,32,ferie,2026-08-10,2026-08-21,10,giorni
551,35,ferie,2026-08-10,2026-08-21,10,giorni
552,38,ferie,2026-08-10,2026-08-21,10,giorni
553,39,ferie,2026-08-10,2026-08-21,10,giorni
554,40,ferie,2026-08-10,2026-08-21,10,giorni
555,42,ferie,2026-08-10,2026-08-21,10,giorni
556,45,ferie,2026-08-10,2026-08-21,10,giorni
557,46,ferie,2026-08-10,2026-08-21,10,giorni
558,48,ferie,2026-08-10,2026-08-21,10,giorni
559,49,ferie,2026-08-10,2026-08-21,10,giorni
560,50,ferie,2026-08-10,2026-08-21,10,giorni
561,52,ferie,2026-08-10,2026-08-21,10,giorni
562,53,ferie,2026-08-10,2026-08-21,10,giorni
563,54,ferie,2026-08-10,2026-08-21,10,giorni
564,55,ferie,2026-08-10,2026-08-21,10,giorni
565,58,ferie,2026-08-10,2026-08-21,10,giorni
566,59,ferie,2026-08-10,2026-08-21,10,giorni
567,61,ferie,2026-08-10,2026-08-21,10,giorni
568,62,ferie,2026-08-10,2026-08-21,10,giorni
569,63,ferie,2026-08-10,2026-08-21,10,giorni
570,65,ferie,2026-08-10,2026-08-21,10,giorni
571,66,ferie,2026-08-10,2026-08-19,8,giorni
572,67,ferie,2026-08-10,2026-08-21,10,giorni
573,69,ferie,2026-08-10,2026-08-21,10,giorni
574,70,ferie,2026-08-10,2026-08-21,10,giorni
575,72,ferie,2026-08-10,2026-08-21,10,giorni
576,74,ferie,2026-08-10,2026-08-21,10,giorni
577,76,ferie,2026-08-10,2026-08-21,10,giorni
578,78,ferie,2026-08-10,2026-08-21,10,giorni
579,80,ferie,2026-08-10,2026-08-21,10,giorni
580,83,ferie,2026-08-10,2026-08-21,10,giorni
581,84,ferie,2026-08-10,2026-08-21,10,giorni
582,85,ferie,2026-08-10,2026-08-21,10,giorni
583,88,ferie,2026-08-10,2026-08-21,10,giorni
584,89,ferie,2026-08-10,2026-08-21,10,giorni
585,90,ferie,2026-08-10,2026-08-21,10,giorni
586,92,ferie,2026-08-10,2026-08-21,10,giorni
587,93,ferie,2026-08-10,2026-08-21,10,giorni
588,94,ferie,2026-08-10,2026-08-21,10,giorni
589,95,ferie,2026-08-10,2026-08-21,10,giorni
590,97,ferie,2026-08-10,2026-08-21,10,giorni
591,100,ferie,2026-08-10,2026-08-28,15,giorni
592,101,ferie,2026-08-10,2026-08-21,10,giorni
593,103,ferie,2026-08-10,2026-08-21,10,giorni
594,106,ferie,2026-08-10,2026-08-21,10,giorni
595,108,ferie,2026-08-10,2026-08-28,15,giorni
596,109,ferie,2026-08-10,2026-08-21,10,giorni
597,110,ferie,2026-08-10,2026-08-21,10,giorni
598,111,ferie,2026-08-10,2026-08-21,10,giorni
599,112,ferie,2026-08-10,2026-08-21,10,giorni
600,113,ferie,2026-08-10,2026-08-21,10,giorni
601,114,ferie,2026-08-10,2026-08-21,10,giorni
602,115,ferie,2026-08-10,2026-08-21,10,giorni
603,118,ferie,2026-08-10,2026-08-21,10,giorni
604,119,ferie,2026-08-10,2026-08-21,10,giorni
605,120,ferie,2026-08-10,2026-08-21,10,giorni
606,104,malattia,2026-08-11,2026-08-15,5,giorni
607,21,ferie,2026-08-12,2026-08-25,10,giorni
608,23,ferie,2026-08-12,2026-08-21,8,giorni
609,1,ferie,2026-08-14,2026-08-25,8,giorni
610,4,ferie,2026-08-14,2026-08-27,10,giorni
611,7,ferie,2026-08-14,2026-08-27,10,giorni
612,68,ferie,2026-08-14,2026-08-27,10,giorni
613,91,ferie,2026-08-19,2026-08-28,8,giorni
614,102,permesso,2026-08-25,2026-08-25,4,ore
615,109,permesso,2026-08-26,2026-08-26,4,ore
616,89,permesso,2026-08-27,2026-08-27,8,ore
617,52,malattia,2026-08-28,2026-08-30,3,giorni
